Municipio;Qtd-Doses-Distribuidas;;
ADAMANTINA;13812;;
ADOLFO;1342;;
AGUAÍ;8439;;
ÁGUAS DA PRATA;3077;;
ÁGUAS DE LINDÓIA;5914;;
ÁGUAS DE SANTA BÁRBARA;1848;;
ÁGUAS DE SÃO PEDRO;1793;;
AGUDOS;12673;;
ALAMBARI;1428;;
ALFREDO MARCONDES;1837;;
ALTAIR;1040;;
ALTINÓPOLIS;5478;;
ALTO ALEGRE;1709;;
ALUMÍNIO;3654;;
ÁLVARES FLORENCE;1557;;
ÁLVARES MACHADO;7311;;
ÁLVARO DE CARVALHO;1092;;
ALVINLÂNDIA;874;;
AMERICANA;69925;;
AMÉRICO BRASILIENSE;9231;;
AMÉRICO DE CAMPOS;2112;;
AMPARO;23000;;
ANALÂNDIA;1411;;
ANDRADINA;19894;;
ANGATUBA;6313;;
ANHEMBI;1569;;
ANHUMAS;1210;;
APARECIDA;9987;;
APARECIDA D'OESTE;1798;;
APIAÍ;6148;;
ARAÇARIGUAMA;3679;;
ARAÇATUBA;67537;;
ARAÇOIABA DA SERRA;8449;;
ARAMINA;1600;;
ARANDU;1703;;
ARAPEÍ;760;;
ARARAQUARA;78529;;
ARARAS;38570;;
ARCO-ÍRIS;1031;;
AREALVA;3078;;
AREIAS;1118;;
AREIÓPOLIS;2195;;
ARIRANHA;2647;;
ARTUR NOGUEIRA;12080;;
ARUJÁ;18763;;
ASPÁSIA;680;;
ASSIS;34947;;
ATIBAIA;43926;;
AURIFLAMA;5113;;
AVAÍ;2212;;
AVANHANDAVA;2404;;
AVARÉ;27492;;
BADY BASSITT;4933;;
BALBINOS;532;;
BÁLSAMO;3045;;
BANANAL;3555;;
BARÃO DE ANTONINA;1184;;
BARBOSA;1968;;
BARIRI;10809;;
BARRA BONITA;11731;;
BARRA DO CHAPÉU;1376;;
BARRA DO TURVO;3434;;
BARRETOS;44271;;
BARRINHA;5768;;
BARUERI;61584;;
BASTOS;5890;;
BATATAIS;18786;;
BAURU;131959;;
BEBEDOURO;26999;;
BENTO DE ABREU;733;;
BERNARDINO DE CAMPOS;3907;;
BERTIOGA;12545;;
BILAC;2845;;
BIRIGUI;34097;;
BIRITIBA MIRIM;6912;;
BOA ESPERANÇA DO SUL;3267;;
BOCAINA;3013;;
BOFETE;3151;;
BOITUVA;12774;;
BOM JESUS DOS PERDÕES;5077;;
BOM SUCESSO DE ITARARÉ;709;;
BORÁ;319;;
BORACÉIA;1426;;
BORBOREMA;4828;;
BOREBI;703;;
BOTUCATU;51754;;
BRAGANÇA PAULISTA;49587;;
BRAÚNA;1875;;
BREJO ALEGRE;934;;
BRODOWSKI;6868;;
BROTAS;6298;;
BURI;4347;;
BURITAMA;4947;;
BURITIZAL;1468;;
CABRÁLIA PAULISTA;1240;;
CABREÚVA;8826;;
CAÇAPAVA;26507;;
CACHOEIRA PAULISTA;10045;;
CACONDE;5880;;
CAFELÂNDIA;5655;;
CAIABU;1325;;
CAIEIRAS;20723;;
CAIUÁ;1875;;
CAJAMAR;12948;;
CAJATI;6565;;
CAJOBI;3252;;
CAJURU;7690;;
CAMPINA DO MONTE ALEGRE;1532;;
CAMPINAS;375874;;
CAMPO LIMPO PAULISTA;18276;;
CAMPOS DO JORDÃO;11896;;
CAMPOS NOVOS PAULISTA;1393;;
CANANÉIA;3698;;
CANAS;1019;;
CÂNDIDO MOTA;8991;;
CÂNDIDO RODRIGUES;1085;;
CANITAR;950;;
CAPÃO BONITO;11337;;
CAPELA DO ALTO;4180;;
CAPIVARI;13014;;
CARAGUATATUBA;33378;;
CARAPICUÍBA;80454;;
CARDOSO;4178;;
CASA BRANCA;10022;;
CÁSSIA DOS COQUEIROS;881;;
CASTILHO;6210;;
CATANDUVA;45965;;
CATIGUÁ;1970;;
CEDRAL;3702;;
CERQUEIRA CÉSAR;5375;;
CERQUILHO;11825;;
CESÁRIO LANGE;4090;;
CHARQUEADA;3961;;
CHAVANTES;3286;;
CLEMENTINA;1778;;
COLINA;5354;;
COLÔMBIA;1817;;
CONCHAL;6068;;
CONCHAS;5289;;
CORDEIRÓPOLIS;6448;;
COROADOS;1511;;
CORONEL MACEDO;1418;;
CORUMBATAÍ;1164;;
COSMÓPOLIS;13330;;
COSMORAMA;2733;;
COTIA;51934;;
CRAVINHOS;8890;;
CRISTAIS PAULISTA;2173;;
CRUZÁLIA;710;;
CRUZEIRO;22553;;
CUBATÃO;27375;;
CUNHA;6361;;
DESCALVADO;10585;;
DIADEMA;86718;;
DIRCE REIS;689;;
DIVINOLÂNDIA;4488;;
DOBRADA;1716;;
DOIS CÓRREGOS;7309;;
DOLCINÓPOLIS;851;;
DOURADO;2970;;
DRACENA;18636;;
DUARTINA;4327;;
DUMONT;2076;;
ECHAPORÃ;2392;;
ELDORADO;6204;;
ELIAS FAUSTO;3834;;
ELISIÁRIO;975;;
EMBAÚBA;808;;
EMBU DAS ARTES;46783;;
EMBU-GUAÇU;15955;;
EMILIANÓPOLIS;1060;;
ENGENHEIRO COELHO;3424;;
ESPÍRITO SANTO DO PINHAL;14345;;
ESPÍRITO SANTO DO TURVO;977;;
ESTIVA GERBI;2385;;
ESTRELA DO NORTE;698;;
ESTRELA D'OESTE;2999;;
EUCLIDES DA CUNHA PAULISTA;2329;;
FARTURA;5054;;
FERNANDO PRESTES;2337;;
FERNANDÓPOLIS;27146;;
FERNÃO;633;;
FERRAZ DE VASCONCELOS;35259;;
FLORA RICA;774;;
FLOREAL;1305;;
FLÓRIDA PAULISTA;3583;;
FLORÍNEA;1004;;
FRANCA;90469;;
FRANCISCO MORATO;30082;;
FRANCO DA ROCHA;31961;;
GABRIEL MONTEIRO;974;;
GÁLIA;2529;;
GARÇA;14447;;
GASTÃO VIDIGAL;1203;;
GAVIÃO PEIXOTO;1120;;
GENERAL SALGADO;3937;;
GETULINA;3286;;
GLICÉRIO;1343;;
GUAIÇARA;2806;;
GUAIMBÊ;1768;;
GUAÍRA;10735;;
GUAPIAÇU;5778;;
GUAPIARA;4800;;
GUARÁ;5423;;
GUARAÇAÍ;3021;;
GUARACI;3175;;
GUARANI D'OESTE;667;;
GUARANTÃ;1776;;
GUARARAPES;9812;;
GUARAREMA;7760;;
GUARATINGUETÁ;36963;;
GUAREÍ;3031;;
GUARIBA;7852;;
GUARUJÁ;78289;;
GUARULHOS;283270;;
GUATAPARÁ;1993;;
GUZOLÂNDIA;1273;;
HERCULÂNDIA;2657;;
HOLAMBRA;3296;;
HORTOLÂNDIA;48348;;
IACANGA;3199;;
IACRI;2105;;
IARAS;1447;;
IBATÉ;6400;;
IBIRÁ;3810;;
IBIRAREMA;2186;;
IBITINGA;16195;;
IBIÚNA;21832;;
ICÉM;2180;;
IEPÊ;2589;;
IGARAÇU DO TIETÊ;5330;;
IGARAPAVA;7968;;
IGARATÁ;2716;;
IGUAPE;9830;;
ILHA COMPRIDA;3628;;
ILHA SOLTEIRA;9749;;
ILHABELA;7602;;
INDAIATUBA;59285;;
INDIANA;1593;;
INDIAPORÃ;1699;;
INÚBIA PAULISTA;1240;;
IPAUSSU;3829;;
IPERÓ;6037;;
IPEÚNA;1503;;
IPIGUÁ;1599;;
IPORANGA;1758;;
IPUÃ;3554;;
IRACEMÁPOLIS;5612;;
IRAPUÃ;2115;;
IRAPURU;2287;;
ITABERÁ;4895;;
ITAÍ;5730;;
ITAJOBI;5598;;
ITAJU;1020;;
ITANHAÉM;32710;;
ITAOCA;1268;;
ITAPECERICA DA SERRA;34142;;
ITAPETININGA;42462;;
ITAPEVA;23273;;
ITAPEVI;39418;;
ITAPIRA;24659;;
ITAPIRAPUÃ PAULISTA;962;;
ITÁPOLIS;13126;;
ITAPORANGA;4847;;
ITAPUÍ;3263;;
ITAPURA;1286;;
ITAQUAQUECETUBA;55463;;
ITARARÉ;12950;;
ITARIRI;3915;;
ITATIBA;30415;;
ITATINGA;4096;;
ITIRAPINA;3793;;
ITIRAPUÃ;1864;;
ITOBI;2234;;
ITU;42552;;
ITUPEVA;10304;;
ITUVERAVA;14143;;
JABORANDI;1974;;
JABOTICABAL;23611;;
JACAREÍ;63484;;
JACI;2087;;
JACUPIRANGA;4461;;
JAGUARIÚNA;13414;;
JALES;18550;;
JAMBEIRO;1491;;
JANDIRA;21439;;
JARDINÓPOLIS;11370;;
JARINU;7513;;
JAÚ;47648;;
JERIQUARA;825;;
JOANÓPOLIS;4232;;
JOÃO RAMALHO;946;;
JOSÉ BONIFÁCIO;10412;;
JÚLIO MESQUITA;1253;;
JUMIRIM;710;;
JUNDIAÍ;122253;;
JUNQUEIRÓPOLIS;6596;;
JUQUIÁ;5736;;
JUQUITIBA;7332;;
LAGOINHA;1787;;
LARANJAL PAULISTA;8593;;
LAVÍNIA;1603;;
LAVRINHAS;1427;;
LEME;25402;;
LENÇÓIS PAULISTA;16683;;
LIMEIRA;79906;;
LINDÓIA;2130;;
LINS;26030;;
LORENA;25774;;
LOURDES;857;;
LOUVEIRA;8135;;
LUCÉLIA;6644;;
LUCIANÓPOLIS;878;;
LUÍS ANTÔNIO;2680;;
LUIZIÂNIA;1427;;
LUPÉRCIO;1287;;
LUTÉCIA;952;;
MACATUBA;4505;;
MACAUBAL;2913;;
MACEDÔNIA;1370;;
MAGDA;1226;;
MAIRINQUE;11277;;
MAIRIPORÃ;21264;;
MANDURI;2684;;
MARABÁ PAULISTA;1073;;
MARACAÍ;3825;;
MARAPOAMA;1117;;
MARIÁPOLIS;1148;;
MARÍLIA;84621;;
MARINÓPOLIS;742;;
MARTINÓPOLIS;7372;;
MATÃO;23352;;
MAUÁ;98151;;
MENDONÇA;1810;;
MERIDIANO;1338;;
MESÓPOLIS;711;;
MIGUELÓPOLIS;5872;;
MINEIROS DO TIETÊ;3315;;
MIRA ESTRELA;1177;;
MIRACATU;5207;;
MIRANDÓPOLIS;9903;;
MIRANTE DO PARANAPANEMA;5737;;
MIRASSOL;17149;;
MIRASSOLÂNDIA;1579;;
MOCOCA;22977;;
MOGI DAS CRUZES;108359;;
MOGI GUAÇU;41887;;
MOGI MIRIM;28892;;
MOMBUCA;988;;
MONÇÕES;902;;
MONGAGUÁ;16335;;
MONTE ALEGRE DO SUL;2472;;
MONTE ALTO;15951;;
MONTE APRAZÍVEL;8174;;
MONTE AZUL PAULISTA;6041;;
MONTE CASTELO;1559;;
MONTE MOR;11911;;
MONTEIRO LOBATO;1619;;
MORRO AGUDO;7353;;
MORUNGABA;3456;;
MOTUCA;1154;;
MURUTINGA DO SUL;1730;;
NANTES;699;;
NARANDIBA;1116;;
NATIVIDADE DA SERRA;2609;;
NAZARÉ PAULISTA;4720;;
NEVES PAULISTA;3600;;
NHANDEARA;4376;;
NIPOÃ;1091;;
NOVA ALIANÇA;2149;;
NOVA CAMPINA;1609;;
NOVA CANAÃ PAULISTA;819;;
NOVA CASTILHO;411;;
NOVA EUROPA;2388;;
NOVA GRANADA;5776;;
NOVA GUATAPORANGA;798;;
NOVA INDEPENDÊNCIA;883;;
NOVA LUZITÂNIA;1042;;
NOVA ODESSA;13396;;
NOVAIS;1093;;
NOVO HORIZONTE;12048;;
NUPORANGA;2318;;
OCAUÇU;1221;;
ÓLEO;952;;
OLÍMPIA;17205;;
ONDA VERDE;1223;;
ORIENTE;2119;;
ORINDIÚVA;1244;;
ORLÂNDIA;11443;;
OSASCO;168049;;
OSCAR BRESSANE;1279;;
OSVALDO CRUZ;11958;;
OURINHOS;34272;;
OURO VERDE;2975;;
OUROESTE;2940;;
PACAEMBU;4135;;
PALESTINA;3818;;
PALMARES PAULISTA;1903;;
PALMEIRA D'OESTE;3596;;
PALMITAL;7849;;
PANORAMA;4008;;
PARAGUAÇU PAULISTA;12310;;
PARAIBUNA;5048;;
PARAÍSO;2006;;
PARANAPANEMA;4707;;
PARANAPUÃ;1256;;
PARAPUÃ;3655;;
PARDINHO;1675;;
PARIQUERA-AÇU;6807;;
PARISI;870;;
PATROCÍNIO PAULISTA;3917;;
PAULICÉIA;1614;;
PAULÍNIA;22380;;
PAULISTÂNIA;579;;
PAULO DE FARIA;2792;;
PEDERNEIRAS;11345;;
PEDRA BELA;1822;;
PEDRANÓPOLIS;1009;;
PEDREGULHO;4481;;
PEDREIRA;12837;;
PEDRINHAS PAULISTA;923;;
PEDRO DE TOLEDO;3039;;
PENÁPOLIS;21228;;
PEREIRA BARRETO;8046;;
PEREIRAS;2105;;
PERUÍBE;21296;;
PIACATU;1701;;
PIEDADE;14021;;
PILAR DO SUL;7380;;
PINDAMONHANGABA;41549;;
PINDORAMA;5605;;
PINHALZINHO;4670;;
PIQUEROBI;1406;;
PIQUETE;4594;;
PIRACAIA;7613;;
PIRACICABA;118459;;
PIRAJU;9556;;
PIRAJUÍ;7834;;
PIRANGI;3676;;
PIRAPORA DO BOM JESUS;3599;;
PIRAPOZINHO;7449;;
PIRASSUNUNGA;24479;;
PIRATININGA;5082;;
PITANGUEIRAS;8351;;
PLANALTO;1163;;
PLATINA;970;;
POÁ;26297;;
POLONI;1970;;
POMPÉIA;7231;;
PONGAÍ;1309;;
PONTAL;7336;;
PONTALINDA;1047;;
PONTES GESTAL;806;;
POPULINA;1640;;
PORANGABA;3245;;
PORTO FELIZ;13473;;
PORTO FERREIRA;14983;;
POTIM;4162;;
POTIRENDABA;5427;;
PRACINHA;522;;
PRADÓPOLIS;4010;;
PRAIA GRANDE;86741;;
PRATÂNIA;1066;;
PRESIDENTE ALVES;1463;;
PRESIDENTE BERNARDES;5796;;
PRESIDENTE EPITÁCIO;11583;;
PRESIDENTE PRUDENTE;79733;;
PRESIDENTE VENCESLAU;13974;;
PROMISSÃO;11025;;
QUADRA;940;;
QUATÁ;3589;;
QUEIROZ;799;;
QUELUZ;2846;;
QUINTANA;2031;;
RAFARD;2386;;
RANCHARIA;9028;;
REDENÇÃO DA SERRA;1176;;
REGENTE FEIJÓ;5586;;
REGINÓPOLIS;1884;;
REGISTRO;18809;;
RESTINGA;1555;;
RIBEIRA;1089;;
RIBEIRÃO BONITO;3211;;
RIBEIRÃO BRANCO;3624;;
RIBEIRÃO CORRENTE;1062;;
RIBEIRÃO DO SUL;1546;;
RIBEIRÃO DOS ÍNDIOS;996;;
RIBEIRÃO GRANDE;1912;;
RIBEIRÃO PIRES;34751;;
RIBEIRÃO PRETO;212578;;
RIFAINA;1196;;
RINCÃO;2877;;
RINÓPOLIS;3293;;
RIO CLARO;63819;;
RIO DAS PEDRAS;6930;;
RIO GRANDE DA SERRA;9589;;
RIOLÂNDIA;2543;;
RIVERSUL;1724;;
ROSANA;5788;;
ROSEIRA;2645;;
RUBIÁCEA;780;;
RUBINÉIA;1212;;
SABINO;2064;;
SAGRES;857;;
SALES;2020;;
SALES OLIVEIRA;3698;;
SALESÓPOLIS;4114;;
SALMOURÃO;1482;;
SALTINHO;2379;;
SALTO;29839;;
SALTO DE PIRAPORA;11775;;
SALTO GRANDE;2720;;
SANDOVALINA;1046;;
SANTA ADÉLIA;4744;;
SANTA ALBERTINA;2200;;
SANTA BÁRBARA D'OESTE;47980;;
SANTA BRANCA;4398;;
SANTA CLARA D'OESTE;731;;
SANTA CRUZ DA CONCEIÇÃO;1586;;
SANTA CRUZ DA ESPERANÇA;705;;
SANTA CRUZ DAS PALMEIRAS;7965;;
SANTA CRUZ DO RIO PARDO;15148;;
SANTA ERNESTINA;1200;;
SANTA FÉ DO SUL;13207;;
SANTA GERTRUDES;4478;;
SANTA ISABEL;13483;;
SANTA LÚCIA;1854;;
SANTA MARIA DA SERRA;1517;;
SANTA MERCEDES;890;;
SANTA RITA DO PASSA QUATRO;10763;;
SANTA RITA D'OESTE;1042;;
SANTA ROSA DE VITERBO;7735;;
SANTA SALETE;710;;
SANTANA DA PONTE PENSA;728;;
SANTANA DE PARNAÍBA;30219;;
SANTO ANASTÁCIO;6929;;
SANTO ANDRÉ;233335;;
SANTO ANTÔNIO DA ALEGRIA;2427;;
SANTO ANTÔNIO DE POSSE;5467;;
SANTO ANTÔNIO DO ARACANGUÁ;2156;;
SANTO ANTÔNIO DO JARDIM;1949;;
SANTO ANTÔNIO DO PINHAL;1835;;
SANTO EXPEDITO;1117;;
SANTÓPOLIS DO AGUAPEÍ;1201;;
SANTOS;194713;;
SÃO BENTO DO SAPUCAÍ;3543;;
SÃO BERNARDO DO CAMPO;225055;;
SÃO CAETANO DO SUL;78284;;
SÃO CARLOS;78085;;
SÃO FRANCISCO;1123;;
SÃO JOÃO DA BOA VISTA;33950;;
SÃO JOÃO DAS DUAS PONTES;781;;
SÃO JOÃO DE IRACEMA;704;;
SÃO JOÃO DO PAU D'ALHO;965;;
SÃO JOAQUIM DA BARRA;15559;;
SÃO JOSÉ DA BELA VISTA;2058;;
SÃO JOSÉ DO BARREIRO;1203;;
SÃO JOSÉ DO RIO PARDO;19439;;
SÃO JOSÉ DO RIO PRETO;157779;;
SÃO JOSÉ DOS CAMPOS;196714;;
SÃO LOURENÇO DA SERRA;3474;;
SÃO LUIZ DO PARAITINGA;3206;;
SÃO MANUEL;11188;;
SÃO MIGUEL ARCANJO;7891;;
SÃO PAULO;3673099;;
SÃO PEDRO;11296;;
SÃO PEDRO DO TURVO;2194;;
SÃO ROQUE;26790;;
SÃO SEBASTIÃO;17870;;
SÃO SEBASTIÃO DA GRAMA;3680;;
SÃO SIMÃO;4835;;
SÃO VICENTE;93221;;
SARAPUÍ;2323;;
SARUTAIÁ;1146;;
SEBASTIANÓPOLIS DO SUL;1106;;
SERRA AZUL;2746;;
SERRA NEGRA;10199;;
SERRANA;9308;;
SERTÃOZINHO;30535;;
SETE BARRAS;3396;;
SEVERÍNIA;3689;;
SILVEIRAS;1796;;
SOCORRO;14074;;
SOROCABA;180070;;
SUD MENNUCCI;2383;;
SUMARÉ;57948;;
SUZANÁPOLIS;1108;;
SUZANO;63772;;
TABAPUÃ;3828;;
TABATINGA;3918;;
TABOÃO DA SERRA;65070;;
TACIBA;1689;;
TAGUAÍ;2856;;
TAIAÇU;2084;;
TAIÚVA;2179;;
TAMBAÚ;6913;;
TANABI;8674;;
TAPIRAÍ;2144;;
TAPIRATIBA;3874;;
TAQUARAL;869;;
TAQUARITINGA;18766;;
TAQUARITUBA;6698;;
TAQUARIVAÍ;1112;;
TARABAI;1711;;
TARUMÃ;3076;;
TATUÍ;32918;;
TAUBATÉ;87822;;
TEJUPÁ;1083;;
TEODORO SAMPAIO;5337;;
TERRA ROXA;2669;;
TIETÊ;11433;;
TIMBURI;971;;
TORRE DE PEDRA;865;;
TORRINHA;3373;;
TRABIJU;544;;
TREMEMBÉ;13328;;
TRÊS FRONTEIRAS;2151;;
TUIUTI;2177;;
TUPÃ;27218;;
TUPI PAULISTA;6184;;
TURIÚBA;803;;
TURMALINA;897;;
UBARANA;1261;;
UBATUBA;22223;;
UBIRAJARA;1410;;
UCHOA;3441;;
UNIÃO PAULISTA;510;;
URÂNIA;3476;;
URU;516;;
URUPÊS;4692;;
VALENTIM GENTIL;3098;;
VALINHOS;34895;;
VALPARAÍSO;6973;;
VARGEM;3357;;
VARGEM GRANDE DO SUL;12392;;
VARGEM GRANDE PAULISTA;11494;;
VÁRZEA PAULISTA;23245;;
VERA CRUZ;3792;;
VINHEDO;21717;;
VIRADOURO;4964;;
VISTA ALEGRE DO ALTO;1814;;
VITÓRIA BRASIL;618;;
VOTORANTIM;28521;;
VOTUPORANGA;35126;;
ZACARIAS;845;;
